Paris, France, Rome, Italy, London, England, New York City, USA, Tokyo, Japan, Beijing,China, Sydney, Australia, Mexico City, Mexico, Rio de Janeiro, Brazil, Cairo, Egypt, Istanbul, Turkey, Bangkok, Thailand, Mumbai, India, Kolkata, India, Lagos, Nigeria, Nairobi, Kenya, Dar es Salaam, Tanzania, Johannesburg, South Africa, Cape Town, South Africa, Aaron, Adam, Adrian, Alan, Albert, Alexander, Alexis, Andrew, Anthony, Antonio, Benjamin, Brandon, Brian, Bruce, Caleb, Cameron, Carl, Charles, Christopher, Christian, Daniel, David, Dean, Derek, Diego, Dominic, Donald, Douglas, Ethan, Evan, Francisco, Frank, Gabriel, Gavin, George, Grant, Gregory, Henry, Hunter, Isaac, Jacob, James, Jason, Javier, Jeffrey, Jeremy, John, Jonathan, Joshua, Julian, Kevin, Kyle, Larry, Luis, Mark, Martin, Matthew, Michael, Nathan, Nicholas, Noah, Oliver, Oscar, Owen, Patrick, Paul, Peter, Philip, Rafael, Richard, Robert, Ryan, Samuel, Scott, Sean, Sebastian, Seth, Steven, Thomas, Timothy, Victor, Vincent, William, Zachary, Abigail, Ashley, Aubrey, Bella, Bianca, Bridget, Brittany, Catherine, Chloe, Christina, Danielle, Emily, Emma, Erica, Evelyn, Grace, Hannah, Isabella, Jasmine, Jessica, Julia, Kaitlyn, Katherine, Lauren, Leah, Madison, Margaret, Maria, Megan, Michelle, Natalie, Olivia, Paige, Peyton, Rebecca, Sarah, Samantha, Sophia, Stephanie, Taylor, Victoria, Vivian, Zoe